-- phpMyAdmin SQL Dump
-- version 5.2.0
-- https://www.phpmyadmin.net/
--
-- Host: 127.0.0.1
-- Generation Time: May 08, 2023 at 06:14 AM
-- Server version: 10.4.27-MariaDB
-- PHP Version: 7.4.33

SET SQL_MODE = "NO_AUTO_VALUE_ON_ZERO";
START TRANSACTION;
SET time_zone = "+00:00";


/*!40101 SET @OLD_CHARACTER_SET_CLIENT=@@CHARACTER_SET_CLIENT */;
/*!40101 SET @OLD_CHARACTER_SET_RESULTS=@@CHARACTER_SET_RESULTS */;
/*!40101 SET @OLD_COLLATION_CONNECTION=@@COLLATION_CONNECTION */;
/*!40101 SET NAMES utf8mb4 */;

--
-- Database: `cp`
--

-- --------------------------------------------------------

--
-- Table structure for table `cart`
--

CREATE TABLE `cart` (
  `id` int(100) NOT NULL,
  `user_id` int(100) NOT NULL,
  `pid` int(100) NOT NULL,
  `name` varchar(100) NOT NULL,
  `price` int(100) NOT NULL,
  `quantity` int(100) NOT NULL,
  `image` varchar(100) NOT NULL
) ENGINE=InnoDB DEFAULT CHARSET=utf8mb4 COLLATE=utf8mb4_general_ci;

--
-- Dumping data for table `cart`
--

INSERT INTO `cart` (`id`, `user_id`, `pid`, `name`, `price`, `quantity`, `image`) VALUES
(129, 14, 16, 'lavendor rose', 13, 1, 'lavendor rose.jpg'),
(130, 14, 18, 'red tulipa', 11, 1, 'red tulipa.jpg'),
(131, 14, 15, 'cottage rose', 15, 1, 'cottage rose.jpg'),
(132, 15, 13, 'pink rose', 10, 1, 'pink roses.jpg'),
(133, 15, 15, 'cottage rose', 15, 1, 'cottage rose.jpg'),
(134, 15, 16, 'lavendor rose', 13, 3, 'lavendor rose.jpg'),
(136, 0, 13, 'pink rose', 12, 1, 'about-img-1.png'),
(138, 0, 16, 'lavendor rose', 13, 1, 'rose-729509_960_720.png'),
(139, 0, 15, 'cottage rose', 15, 1, 'rose-729509_960_720.png'),
(145, 16, 16, 'lavendor rose', 13, 1, 'lavendor rose.jpg');

-- --------------------------------------------------------

--
-- Table structure for table `message`
--

CREATE TABLE `message` (
  `id` int(100) NOT NULL,
  `user_id` int(100) NOT NULL,
  `name` varchar(100) NOT NULL,
  `email` varchar(100) NOT NULL,
  `number` varchar(12) NOT NULL,
  `message` varchar(250) NOT NULL,
  `date` date NOT NULL DEFAULT current_timestamp()
) ENGINE=InnoDB DEFAULT CHARSET=utf8mb4 COLLATE=utf8mb4_general_ci;

--
-- Dumping data for table `message`
--

INSERT INTO `message` (`id`, `user_id`, `name`, `email`, `number`, `message`, `date`) VALUES
(13, 14, 'shaikh anas', 'shaikh@gmail.com', '0987654321', 'test', '2023-05-05'),
(14, 16, 'test1', 'test@gmail.com', '01641608159', 'hi', '2023-05-05'),
(15, 16, 'test', 'test@gmail.com', '435365', 'hlw', '2023-05-05'),
(16, 16, 'test', 'test@gmail.com', '014565466', 'hi', '2023-05-06');

-- --------------------------------------------------------

--
-- Table structure for table `orders`
--

CREATE TABLE `orders` (
  `id` int(100) NOT NULL,
  `user_id` int(100) NOT NULL,
  `name` varchar(100) NOT NULL,
  `number` varchar(12) NOT NULL,
  `email` varchar(100) NOT NULL,
  `method` varchar(50) NOT NULL,
  `address` varchar(500) NOT NULL,
  `total_products` varchar(1000) NOT NULL,
  `total_price` int(100) NOT NULL,
  `placed_on` varchar(50) NOT NULL,
  `order_status` varchar(20) NOT NULL DEFAULT 'pending',
  `payment_status` varchar(20) NOT NULL DEFAULT 'pending'
) ENGINE=InnoDB DEFAULT CHARSET=utf8mb4 COLLATE=utf8mb4_general_ci;

--
-- Dumping data for table `orders`
--

INSERT INTO `orders` (`id`, `user_id`, `name`, `number`, `email`, `method`, `address`, `total_products`, `total_price`, `placed_on`, `order_status`, `payment_status`) VALUES
(17, 14, 'shaikh anas', '0987654321', 'shaikh@gmail.com', 'credit card', 'flat no. 321, jogeshwari, mumbai, india - 654321', ', cottage rose (3) , pink bouquet (1) , yellow queen rose (1) ', 80, '11-Mar-2022', 'Cancel', 'pending'),
(18, 14, 'shaikh anas', '1234567899', 'shaikh@gmail.com', 'paypal', 'flat no. 321, jogeshwari, mumbai, india - 654321', ', yellow queen rose (1) , pink rose (2) ', 40, '11-Mar-2022', 'Cancel', 'completed'),
(21, 16, 'test', '123654', 'test@gmail.com', 'credit card', 'flat no. , , ,  - ', ', pink rose (2) ', 24, '05-May-2023', 'pending', 'pending'),
(22, 16, 'test1', '0213112321', 'test@gmail.com', 'cash on delivery', 'flat no. a-18, zakir hossen road, mohamabd pur dha , bangladesh - 123', ', cottage rose (1) , lavendor rose (1) ', 28, '06-May-2023', 'pending', 'pending');

-- --------------------------------------------------------

--
-- Table structure for table `products`
--

CREATE TABLE `products` (
  `id` int(100) NOT NULL,
  `name` varchar(100) NOT NULL,
  `details` varchar(500) NOT NULL,
  `price` int(100) NOT NULL,
  `image` varchar(100) NOT NULL
) ENGINE=InnoDB DEFAULT CHARSET=utf8mb4 COLLATE=utf8mb4_general_ci;

--
-- Dumping data for table `products`
--

INSERT INTO `products` (`id`, `name`, `details`, `price`, `image`) VALUES
(13, 'pink rose', 'Lorem ipsum dolor sit amet consectetur adipisicing elit. Eaque error earum quasi facere optio tenetur hts.', 12, 'about-img-1.png'),
(15, 'cottage rose', 'Lorem ipsum dolor sit amet consectetur adipisicing elit. Eaque error earum quasi facere optio tenetur.', 15, 'fun bloomnation.jpg'),
(16, 'lavendor rose', 'Lorem ipsum dolor sit, amet consectetur adipisicing elit. Rem, nobis tenetur voluptatibus officiis odit minus fugit dolore accusantium fuga ipsa!', 13, 'lavendor rose.jpg'),
(17, 'yellow tulipa', 'Lorem ipsum dolor sit amet consectetur adipisicing elit. Eaque error earum quasi facere optio tenetur.', 14, 'yellow queen rose.jpg'),
(18, 'red tulipa', 'Lorem ipsum dolor sit, amet consectetur adipisicing elit. Rem, nobis tenetur voluptatibus officiis odit minus fugit dolore accusantium fuga ipsa!', 11, 'cottage rose.jpg'),
(28, 'pink bundle rose', 'Lorem ipsum dolor sit amet consectetur adipisicing elit. Eaque error earum quasi facere optio tenetur.', 15, 'about-img-2.jpg');

-- --------------------------------------------------------

--
-- Table structure for table `users`
--

CREATE TABLE `users` (
  `id` int(100) NOT NULL,
  `name` varchar(100) NOT NULL,
  `email` varchar(100) NOT NULL,
  `password` varchar(100) NOT NULL,
  `user_type` varchar(20) NOT NULL DEFAULT 'user'
) ENGINE=InnoDB DEFAULT CHARSET=utf8mb4 COLLATE=utf8mb4_general_ci;

--
-- Dumping data for table `users`
--

INSERT INTO `users` (`id`, `name`, `email`, `password`, `user_type`) VALUES
(10, 'admin A', 'admin01@gmail.com', '202cb962ac59075b964b07152d234b70', 'admin'),
(14, 'user A', 'user01@gmail.com', '202cb962ac59075b964b07152d234b70', 'user'),
(15, 'user B', 'user02@gmail.com', '202cb962ac59075b964b07152d234b70', 'user'),
(16, 'test', 'test@gmail.com', '202cb962ac59075b964b07152d234b70', 'user'),
(19, 'admin', 'admin@gmail.com', '202cb962ac59075b964b07152d234b70', 'admin'),
(20, 'fahim', 'fahim@gmail.com', '202cb962ac59075b964b07152d234b70', 'user'),
(21, 'tonmoy', 'tonmoy@gmail.com', '202cb962ac59075b964b07152d234b70', 'user'),
(22, 'user 1', 'user@gmail.com', '202cb962ac59075b964b07152d234b70', 'user');

-- --------------------------------------------------------

--
-- Table structure for table `wishlist`
--

CREATE TABLE `wishlist` (
  `id` int(100) NOT NULL,
  `user_id` int(100) NOT NULL,
  `pid` int(100) NOT NULL,
  `name` varchar(100) NOT NULL,
  `price` int(100) NOT NULL,
  `image` varchar(100) NOT NULL
) ENGINE=InnoDB DEFAULT CHARSET=utf8mb4 COLLATE=utf8mb4_general_ci;

--
-- Dumping data for table `wishlist`
--

INSERT INTO `wishlist` (`id`, `user_id`, `pid`, `name`, `price`, `image`) VALUES
(65, 0, 18, 'red tulipa', 11, 'red tulipa.jpg'),
(71, 16, 15, 'cottage rose', 15, 'fun bloomnation.jpg');

--
-- Indexes for dumped tables
--

--
-- Indexes for table `cart`
--
ALTER TABLE `cart`
  ADD PRIMARY KEY (`id`);

--
-- Indexes for table `message`
--
ALTER TABLE `message`
  ADD PRIMARY KEY (`id`);

--
-- Indexes for table `orders`
--
ALTER TABLE `orders`
  ADD PRIMARY KEY (`id`);

--
-- Indexes for table `products`
--
ALTER TABLE `products`
  ADD PRIMARY KEY (`id`);

--
-- Indexes for table `users`
--
ALTER TABLE `users`
  ADD PRIMARY KEY (`id`);

--
-- Indexes for table `wishlist`
--
ALTER TABLE `wishlist`
  ADD PRIMARY KEY (`id`);

--
-- AUTO_INCREMENT for dumped tables
--

--
-- AUTO_INCREMENT for table `cart`
--
ALTER TABLE `cart`
  MODIFY `id` int(100) NOT NULL AUTO_INCREMENT, AUTO_INCREMENT=146;

--
-- AUTO_INCREMENT for table `message`
--
ALTER TABLE `message`
  MODIFY `id` int(100) NOT NULL AUTO_INCREMENT, AUTO_INCREMENT=17;

--
-- AUTO_INCREMENT for table `orders`
--
ALTER TABLE `orders`
  MODIFY `id` int(100) NOT NULL AUTO_INCREMENT, AUTO_INCREMENT=23;

--
-- AUTO_INCREMENT for table `products`
--
ALTER TABLE `products`
  MODIFY `id` int(100) NOT NULL AUTO_INCREMENT, AUTO_INCREMENT=29;

--
-- AUTO_INCREMENT for table `users`
--
ALTER TABLE `users`
  MODIFY `id` int(100) NOT NULL AUTO_INCREMENT, AUTO_INCREMENT=24;

--
-- AUTO_INCREMENT for table `wishlist`
--
ALTER TABLE `wishlist`
  MODIFY `id` int(100) NOT NULL AUTO_INCREMENT, AUTO_INCREMENT=72;
COMMIT;

/*!40101 SET CHARACTER_SET_CLIENT=@OLD_CHARACTER_SET_CLIENT */;
/*!40101 SET CHARACTER_SET_RESULTS=@OLD_CHARACTER_SET_RESULTS */;
/*!40101 SET COLLATION_CONNECTION=@OLD_COLLATION_CONNECTION */;
